"","Glasso","Twostep Quadrant","Threestep Quadrant","Twostep Spearman","Threestep Spearman","Gaussian","Sample Covariance"
"KL_avg",0.520904658068544,1.03970711742784,0.725602357048194,0.640730375804113,0.602517377996462,0.608015457734111,0.363565447584237
"FP_avg",NA,NA,NA,NA,NA,NA,NA
"FN_avg",0.232,0.3912,0.1728,0.2616,0.24,0.268,0
