"","Glasso","Twostep Quadrant","Threestep Quadrant","Twostep Spearman","Threestep Spearman","Gaussian"
"KL_avg",52.668491134984,56.3021284005123,70.3355639382921,56.1786272410727,57.2358011688966,56.1786272410727
"FP_avg",0,0,0,0,0,0
"FN_avg",0.981631153563556,0.981631153563556,0.981631153563556,0.981631153563556,0.981631153563556,0.981631153563556
