"","Glasso","Twostep Quadrant","Threestep Quadrant","Twostep Spearman","Threestep Spearman","Gaussian"
"KL_avg",142.324221992261,53.8530417773653,69.6951546077022,54.1576026349228,55.3344518385562,54.1091783290992
"FP_avg",0.00658033362598771,0.00482001755926251,0.00392010535557507,0.00383669885864794,0.00404302019315189,0.00392010535557507
"FN_avg",0.974948567229978,0.97356355620867,0.974775900073475,0.973512123438648,0.973218221895665,0.974434239529757
