"","Glasso","Twostep Quadrant","Threestep Quadrant","Twostep Spearman","Threestep Spearman","Gaussian"
"KL_avg",33.1049419287494,36.913948015547,46.9347290006872,34.581094683068,35.3731877896798,34.2625523644265
"FP_avg",0.00681299385425812,0.00404741000877963,0.00447322212467076,0.00595258999122037,0.00603160667251975,0.0064486391571554
"FN_avg",0.95447097722263,0.971293166789126,0.971105804555474,0.958247612049963,0.958589272593681,0.956609110947833
